{
    "rmse": 86.75010169642266,
    "mae": 7525.580144339674,
    "r2": 0.4062136462294198
}